{"updated":1694512882117,"country":"India","countryInfo":{"_id":356,"iso2":"IN","iso3":"IND","lat":20,"long":77,"flag":"https://disease.sh/assets/img/flags/in.png"},"cases":44997780,"todayCases":0,"deaths":531930,"todayDeaths":0,"recovered":44465246,"todayRecovered":0,"active":604,"critical":0,"casesPerOneMillion":31990,"deathsPerOneMillion":378,"tests":930797975,"testsPerOneMillion":661721,"population":1406631776,"continent":"Asia","oneCasePerPeople":31,"oneDeathPerPeople":2644,"oneTestPerPeople":2,"activePerOneMillion":0.43,"recoveredPerOneMillion":31611.15,"criticalPerOneMillion":0}