{
	"info": {
		"_postman_id": "cb48638c-5fc2-45ad-99f1-db579b701114",
		"name": "New Collection",
		"schema": "https://schema.getpostman.com/json/collection/v2.1.0/collection.json",
		"_exporter_id": "48804428",
		"_collection_link": "https://devarampranajith-2718570.postman.co/workspace/Pranajith's-Workspace~10bcfa86-7975-43c9-8b21-83c655df0d02/collection/48804428-cb48638c-5fc2-45ad-99f1-db579b701114?action=share&source=collection_link&creator=48804428"
	},
	"item": [
		{
			"name": "DiseaseShStrategy",
			"request": {
				"method": "GET",
				"header": [],
				"url": {
					"raw": "http://localhost:8080/disease/count",
					"protocol": "http",
					"host": [
						"localhost"
					],
					"port": "8080",
					"path": [
						"disease",
						"count"
					]
				}
			},
			"response": []
		},
		{
			"name": "JohnHopkinsStrategy",
			"request": {
				"method": "GET",
				"header": [],
				"url": {
					"raw": "http://localhost:8080/disease/johnhopkin",
					"protocol": "http",
					"host": [
						"localhost"
					],
					"port": "8080",
					"path": [
						"disease",
						"johnhopkin"
					]
				}
			},
			"response": []
		},
		{
			"name": "InfectedRatio",
			"request": {
				"method": "GET",
				"header": [],
				"url": {
					"raw": "http://localhost:8080/disease/infectedRatio",
					"protocol": "http",
					"host": [
						"localhost"
					],
					"port": "8080",
					"path": [
						"disease",
						"infectedRatio"
					]
				}
			},
			"response": []
		}
	]
}